<?xml version="1.0" encoding="UTF-8"?>
<metadata xml:lang="en"><Esri><CreaDate>20181113</CreaDate><CreaTime>15273400</CreaTime><ArcGISFormat>1.0</ArcGISFormat><SyncOnce>TRUE</SyncOnce><DataProperties><lineage><Process ToolSource="c:\program files (x86)\arcgis\desktop10.6\ArcToolbox\Toolboxes\Data Management Tools.tbx\DeleteField" Date="20181113" Time="152734">DeleteField TX_Dist_RTot FID_1;STATEFP;UNSDLEA_1;AFFGEOID;LSAD;ALAND;AWATER;Shape_Leng;Shape_Area</Process></lineage></DataProperties></Esri></metadata>
